{
  "!type": "HTMLview",
  "backgroundColor": "",
  "borderColor": "",
  "borderStyle": "",
  "borderWidth": "",
  "bottom": "auto",
  "cached_js": "",
  "cached_js_script_hash": "d41d8cd98f00b204e9800998ecf8427e",
  "children": [],
  "class": "",
  "color": "",
  "contenteditable": "",
  "disabled": "",
  "display": "",
  "expanded_pmp": null,
  "fontFamily": "",
  "fontSize": "",
  "fontStyle": "",
  "fontWeight": "",
  "height": 421,
  "hidden": "",
  "id": "scroll",
  "innerHTML": "  <div class=\"scrolling-wrapper-flexbox\">    \n  <div class=\"card\">\n  <h2><a href = \"./note_2\">Note 1</a></h2>\n  </div>\n  <div class=\"card\">\n  <h2>Note 2</h2></div>   \n  <div class=\"card\">\n  <h2>Note 3</h2></div>     \n  <div class=\"card\">\n  <h2>Note 4</h2>\n  </div>     \n  <div class=\"card\">\n  <h2>Note 5</h2>\n  </div>     \n  <div class=\"card\">\n  <h2>Note 6</h2>\n  </div>     \n  <div class=\"card\">\n  <h2>Note 7</h2>\n  </div>     \n  <div class=\"card\">\n  <h2>Note 8</h2>\n  </div>     \n  <div class=\"card\">\n  <h2>Note 9</h2>\n  </div>     \n  <div class=\"card\">\n  <h2>Note 10</h2>\n  </div>  \n  </div>",
  "left": 6,
  "name": "",
  "onchange": "",
  "onclick": "",
  "oncopy": "",
  "oncut": "",
  "onfocusin": "",
  "onfocusout": "",
  "oninput": "",
  "onmousedown": "",
  "onmousemove": "",
  "onmouseout": "",
  "onmouseup": "",
  "onpaste": "",
  "onresize": "",
  "ontouchend": "",
  "ontouchmove": "",
  "ontouchstart": "",
  "overflow": "auto",
  "required": "",
  "right": "auto",
  "script": "",
  "scroll_options": "mouseWheel:true, bounce: false, zoom:true",
  "scrolling": "false",
  "style": "",
  "top": 48,
  "width": 312
}