{
  "!type": "HTMLview",
  "backgroundColor": "",
  "borderColor": "",
  "borderStyle": "",
  "borderWidth": "",
  "bottom": "auto",
  "cached_js": "",
  "cached_js_script_hash": "d41d8cd98f00b204e9800998ecf8427e",
  "children": [],
  "class": "",
  "color": "",
  "contenteditable": "",
  "disabled": "",
  "display": "",
  "expanded_pmp": null,
  "fontFamily": "",
  "fontSize": "",
  "fontStyle": "",
  "fontWeight": "",
  "height": 114,
  "hidden": "",
  "id": "HTMLgif1",
  "innerHTML": "<b>HTMLview with scrolling</b>",
  "left": 15,
  "name": "",
  "onchange": "",
  "onclick": "",
  "oncopy": "",
  "oncut": "",
  "onfocusin": "",
  "onfocusout": "",
  "oninput": "",
  "onmousedown": "",
  "onmousemove": "",
  "onmouseout": "",
  "onmouseup": "",
  "onpaste": "",
  "onresize": "",
  "ontouchend": "",
  "ontouchmove": "",
  "ontouchstart": "",
  "overflow": "auto",
  "required": "",
  "right": "auto",
  "script": "",
  "scroll_options": "mouseWheel:true, bounce: false, zoom:true",
  "scrolling": "false",
  "style": "",
  "top": 44,
  "width": 138
}