{
  "!type": "HTMLview",
  "backgroundColor": "",
  "borderColor": "",
  "borderStyle": "",
  "borderWidth": "",
  "bottom": "auto",
  "cached_js": "",
  "cached_js_script_hash": "d41d8cd98f00b204e9800998ecf8427e",
  "children": [],
  "class": "",
  "color": "",
  "contenteditable": "",
  "disabled": "",
  "display": "",
  "expanded_pmp": null,
  "fontFamily": "",
  "fontSize": "",
  "fontStyle": "",
  "fontWeight": "",
  "height": 421,
  "hidden": "",
  "id": "HTMLview1",
  "innerHTML": "\n  <div class=\"scrolling-wrapper-flexbox\">\n    <div class=\"card\">\n    <a href=javascript:hMenu();>Form2</a>\n    </div>\n    <div class=\"card\"><h2>Card</h2></div>\n    <div class=\"card\"><h2>Card</h2></div>\n    <div class=\"card\"><h2>Card</h2></div>\n    <div class=\"card\"><h2>Card</h2></div>\n    <div class=\"card\"><h2>Card</h2></div>\n    <div class=\"card\"><h2>Card</h2></div>\n    <div class=\"card\"><h2>Card</h2></div>\n    <div class=\"card\"><h2>Card</h2></div>\n  </div>\n\n  <p>On iOS, you want to add <code>-webkit-overflow-scrolling: touch;</code> to your scroll container. By default, Safari will not smoothly scroll these elements.</p>\n\n\n</main>",
  "left": 6,
  "name": "",
  "onchange": "",
  "onclick": "",
  "oncopy": "",
  "oncut": "",
  "onfocusin": "",
  "onfocusout": "",
  "oninput": "",
  "onmousedown": "",
  "onmousemove": "",
  "onmouseout": "",
  "onmouseup": "",
  "onpaste": "",
  "onresize": "",
  "ontouchend": "",
  "ontouchmove": "",
  "ontouchstart": "",
  "overflow": "auto",
  "required": "",
  "right": "auto",
  "script": "",
  "scroll_options": "mouseWheel:true, bounce: false, zoom:true",
  "scrolling": "false",
  "style": "",
  "top": 48,
  "width": 312
}