{
  "!type": "Form",
  "HTML": null,
  "attributes": "",
  "background": "",
  "backgroundimage": "",
  "borderColor": "",
  "borderStyle": "",
  "borderWidth": "",
  "cached_js": null,
  "cached_js_script_hash": null,
  "children": [
    {
      "!type": "External",
      "file": [
        "forms",
        "giphy_page",
        "Elements",
        "gif1.json"
      ]
    },
    {
      "!type": "External",
      "file": [
        "forms",
        "giphy_page",
        "Elements",
        "gif2.json"
      ]
    },
    {
      "!type": "External",
      "file": [
        "forms",
        "giphy_page",
        "Elements",
        "gif3.json"
      ]
    },
    {
      "!type": "External",
      "file": [
        "forms",
        "giphy_page",
        "Elements",
        "gif4.json"
      ]
    },
    {
      "!type": "External",
      "file": [
        "forms",
        "giphy_page",
        "Elements",
        "gif5.json"
      ]
    },
    {
      "!type": "External",
      "file": [
        "forms",
        "giphy_page",
        "Elements",
        "label.json"
      ]
    },
    {
      "!type": "External",
      "file": [
        "forms",
        "giphy_page",
        "Elements",
        "backBtn.json"
      ]
    },
    {
      "!type": "External",
      "file": [
        "forms",
        "giphy_page",
        "Elements",
        "HTMLgif1.json"
      ]
    }
  ],
  "class": "",
  "designHeight": 800,
  "designWidth": 0,
  "expanded_pmp": null,
  "fullScreen": "true",
  "height": "600",
  "id": "giphy_page",
  "language": "JavaScript",
  "left": "0",
  "locked": false,
  "modal": "false",
  "onhide": "",
  "onkeypress": "",
  "onresize": "",
  "onshow": "giphy_page.onshow()",
  "openMode": "none",
  "parentForm": "",
  "position": "absolute",
  "script": null,
  "setFocusID": "",
  "style": "",
  "theme": "",
  "top": "0",
  "width": 320
}